[
  {
    "id": 1,
    "name": "Gelato",
    "sugars_min": "16.00",
    "sugars_max": "22.00",
    "fats_min": "5.00",
    "fats_max": "12.00",
    "msnf_min": "7.50",
    "msnf_max": "11.50",
    "other_solids_min": "0.00",
    "other_solids_max": "5.00",
    "total_solids_min": "35.00",
    "total_solids_max": "40.00",
    "pod_min": "26.00",
    "pod_max": "31.00",
    "fruit_min": "20.00",
    "fruit_max": "40.00",
    "alcohol_min": "1.00",
    "alcohol_max": "2.00",
    "overrun_min": "33.00",
    "overrun_max": "35.00",
    "ground_foods_min": "5.00",
    "ground_foods_max": "10.00"
  },
  {
    "id": 2,
    "name": "Sorbetto",
    "sugars_min": "20.00",
    "sugars_max": "32.00",
    "fats_min": "0.00",
    "fats_max": "4.00",
    "msnf_min": "0.00",
    "msnf_max": "2.00",
    "other_solids_min": "0.00",
    "other_solids_max": "5.00",
    "total_solids_min": "25.00",
    "total_solids_max": "35.00",
    "pod_min": "28.00",
    "pod_max": "35.00",
    "fruit_min": "30.00",
    "fruit_max": "60.00",
    "alcohol_min": "1.00",
    "alcohol_max": "2.00",
    "overrun_min": "33.00",
    "overrun_max": "35.00",
    "ground_foods_min": "5.00",
    "ground_foods_max": "10.00"
  },
  {
    "id": 3,
    "name": "Granita",
    "sugars_min": "15.00",
    "sugars_max": "20.00",
    "fats_min": "0.00",
    "fats_max": "4.00",
    "msnf_min": "0.00",
    "msnf_max": "2.00",
    "other_solids_min": "0.00",
    "other_solids_max": "5.00",
    "total_solids_min": "15.00",
    "total_solids_max": "25.00",
    "pod_min": "12.00",
    "pod_max": "17.00",
    "fruit_min": "30.00",
    "fruit_max": "60.00",
    "alcohol_min": "1.00",
    "alcohol_max": "2.00",
    "overrun_min": "0.00",
    "overrun_max": "15.00",
    "ground_foods_min": "0.00",
    "ground_foods_max": "0.00"
  },
  {
    "id": 4,
    "name": "Gelato Vegano",
    "sugars_min": "16.00",
    "sugars_max": "22.00",
    "fats_min": "4.00",
    "fats_max": "12.00",
    "msnf_min": "0.00",
    "msnf_max": "0.50",
    "other_solids_min": "6.00",
    "other_solids_max": "16.00",
    "total_solids_min": "35.00",
    "total_solids_max": "40.00",
    "pod_min": "26.00",
    "pod_max": "31.00",
    "fruit_min": "30.00",
    "fruit_max": "60.00",
    "alcohol_min": "1.00",
    "alcohol_max": "2.00",
    "overrun_min": "33.00",
    "overrun_max": "35.00",
    "ground_foods_min": "5.00",
    "ground_foods_max": "10.00"
  },
  {
    "id": 5,
    "name": "Gastronomico",
    "sugars_min": "14.00",
    "sugars_max": "22.00",
    "fats_min": "4.00",
    "fats_max": "15.00",
    "msnf_min": "4.00",
    "msnf_max": "10.00",
    "other_solids_min": "0.00",
    "other_solids_max": "15.00",
    "total_solids_min": "25.00",
    "total_solids_max": "50.00",
    "pod_min": "25.00",
    "pod_max": "31.00",
    "fruit_min": "20.00",
    "fruit_max": "40.00",
    "alcohol_min": "1.00",
    "alcohol_max": "2.00",
    "overrun_min": "33.00",
    "overrun_max": "35.00",
    "ground_foods_min": "5.00",
    "ground_foods_max": "10.00"
  },
  {
    "id": 6,
    "name": "Custom 1",
    "sugars_min": "30.00",
    "sugars_max": "50.00",
    "fats_min": "0.00",
    "fats_max": "18.00",
    "msnf_min": "0.00",
    "msnf_max": "10.00",
    "other_solids_min": "0.00",
    "other_solids_max": "15.00",
    "total_solids_min": "40.00",
    "total_solids_max": "70.00",
    "pod_min": "40.00",
    "pod_max": "65.00",
    "fruit_min": "30.00",
    "fruit_max": "60.00",
    "alcohol_min": "1.00",
    "alcohol_max": "2.00",
    "overrun_min": "33.00",
    "overrun_max": "35.00",
    "ground_foods_min": "5.00",
    "ground_foods_max": "10.00"
  },
  {
    "id": 7,
    "name": "Semilavorati",
    "sugars_min": "0.00",
    "sugars_max": "100.00",
    "fats_min": "0.00",
    "fats_max": "100.00",
    "msnf_min": "0.00",
    "msnf_max": "100.00",
    "other_solids_min": "0.00",
    "other_solids_max": "100.00",
    "total_solids_min": "0.00",
    "total_solids_max": "100.00",
    "pod_min": "0.00",
    "pod_max": "100.00",
    "fruit_min": "0.00",
    "fruit_max": "100.00",
    "alcohol_min": "0.00",
    "alcohol_max": "100.00",
    "overrun_min": "0.00",
    "overrun_max": "100.00",
    "ground_foods_min": "0.00",
    "ground_foods_max": "100.00"
  }
]